"510","fa6097eb-8175-4e60-afff-820f4d0506c6@abc.com","$2a$10$xSas2TdAZGk3M.Ct3Fc3duj6pckOV17e/9RmTzcWaAu2MGwg/dWKG",
"511","874c6f7a-454f-444c-a273-5f95e64a6263@abc.com","$2a$10$2ptNZXpRX80reZLk3eM9ZO4mxN1tQ/rv4//mpOUkoau1gGKfep0uS",
"512","41c639ce-35ee-475f-9edb-fa2a90362f2e@abc.com","$2a$10$ZDsPqP5r5W.UvjfO2rTwcuUzxVPPysNg5C92.eeWilDgohA1aDdYW",
"513","5b03251a-df79-40c2-a758-bc9386a32344@abc.com","$2a$10$o2EXSWPhfYBc5QGNjj9/fOhH3TsAjuBcIk4bUJookiOI6x5adyzkG",
"514","dc03a66e-d3d7-4cda-9fed-6517faceca3f@abc.com","$2a$10$532.QS5pk1nS7RS/Bpa8lemwBseaHa7sJu2xV33LDSoO49NDQcSgu",
"515","8db094f2-da0a-43c9-8156-6d62649b2bb8@abc.com","$2a$10$//WuxYhlGwPfLkDozIO6qeF1v67XsOVGdlSKMfmEkrX21WSqpWbsS",
"516","54244f98-a861-4f7e-b3a1-80af293e6ff8@abc.com","$2a$10$DGkWLifmtbGr2de7AMU.1eNAwcC/BE/JTDQNodYhapC3DE0TpfSVu",
"517","4d64e800-63bf-4766-95cc-cdea8a7ff2f4@abc.com","$2a$10$SdH2Aq74eVn/lPrdqW0acuYdtd18GzrvYPwlOlLzBL6WjWrnGE5qe",
"518","22c04c8e-2c5c-4beb-b61b-8323bb6df40f@abc.com","$2a$10$HpMar9rpg/pFTtpBw2I9j.qj2zguSJ5zX5S1mx7NvC9GrOSKP3YsO",
"519","6052ff6c-acfa-4053-b2d1-4cd9a3bdcf8b@abc.com","$2a$10$SjW3MfsBvTjXUkGC4sx/ouw1wFoHUuO1WuwUHHa3CAOwOE5eS5AhW",
"520","6f7251b8-f46d-4313-9dbe-4f92ce20882d@abc.com","$2a$10$NqUESRG19InatrDcaCJ8TuyqqnZ5E5tHYJ0fZSJz.QUmY1c1TBMme",
"521","22ca2b22-7e58-4ca0-8d99-cdaef7ff905d@abc.com","$2a$10$SgDW039URE39AaHMVn3TbutbNNG.ugnzPPTs3IaY4lCUiOUjdZOi6",
"522","f15ccf2e-a4aa-4f37-9230-3030d13aff3d@abc.com","$2a$10$9HX7P2RykYsZAMrgve9uauKOo36xdCf9DhVXGFlVYhI3Hfbqu5FZm",
"523","a8345e2a-85b7-4abd-8df9-63ba7121e2b7@abc.com","$2a$10$TSncuZI4oALfIj9XJ/qNn./Yb8gaLQ2Wtuusv6VYFLrWOQORq3ifa",
"524","f41f2242-421d-4464-81c9-f7d0e9183bb9@abc.com","$2a$10$N/HIR4E7nh8DxIPR20ZnoO0hH7MmuqKJ3tibScFpQ4DSUDHzY/hFS",
"525","25455b5d-8c21-4adf-939b-4677f33fe41b@abc.com","$2a$10$1buziYGgGOF9YBTYhYAKDu2/UIJU7XQklX2LbTUip5rE5rU.ZKc4.",
"526","1a861fe0-e386-48d0-b633-69d3704b302f@abc.com","$2a$10$7dAurt1aJ5Qa0xGdhIMMt.1TYYcApnpr4u3/8AUqZ8V9FEQjCaGES",
"527","4f76c34f-a348-44bc-a793-de3ebf615738@abc.com","$2a$10$.QH6EReJyXvTIeBR.GlMKu7RDQ5ZuLdLXM2edEaOZ8ZJNk9EYPlca",
"528","de4e7ddd-9d38-4dbc-a9ef-a1220a9db8fe@abc.com","$2a$10$Hm1sYTgoUkeH6LaBGb0bCuzfXna/lBxVgtIspjPq4rufef0rjm7cq",
"529","9028c501-a7da-4f03-99da-2ebe0143fb43@abc.com","$2a$10$WWIX3gw3KAajtd./IYmO2uygBT.AEOTLQVOEQwo5Al4xe3NrlXSXm",
"530","fc2d8af1-d5e7-4033-bf7e-eb2ecd223f22@abc.com","$2a$10$beGb6Amx0QTy4mwb2ostkeFwTarqZcUVDxLUXeq/r1bflIZcKpnBe",
"531","459140e0-2643-4c3a-92f4-9d94592e40ec@abc.com","$2a$10$wEDoROwcJPrKZUq5ed8nrORUfHgzPCTdjxAXd6BVRT2umJlMro2TC",
"532","3a1b377f-a5e9-4c2b-92d7-8a38b43dd338@abc.com","$2a$10$yN5VRhDld5J9HuaYbQxEJe0ZHrQkbqw3z8P03xn1eWeNpzNpovKW.",
"533","8781beec-ab04-4860-8182-4b2922b42817@abc.com","$2a$10$XLvnaO9VavnyuRshZcxEi.nmmo5ECKgRsW8edi6qBjzcHuBnOCClm",
"534","b3973585-2009-401e-af82-1fb5b26e00fe@abc.com","$2a$10$qxBXgX5yz5m.GgKumi/yHus5RZzVGAkL91rhGrXok3//XZLYJXLtC",
"535","158f372f-1e63-4740-b709-9c62af4a6f5c@abc.com","$2a$10$3f8t.YNVzWcein48H1McRuDZTzDfaEW4lvPoF4SHXs6dKxrMJyqA2",
"536","51ffacc6-82f8-4db1-968f-69b7de2bde70@abc.com","$2a$10$oD30Ke9L5AETv7Txao7JS.zn6yGtr0MLaZWqB0tGDj.AfaSIEeqI6",
"537","4d95bb55-9b55-4efa-abbf-a68f84ef3941@abc.com","$2a$10$hyWZTRrDNFcb8dQVPpUJm.N7.QohNvaAX7/fSG9yJgACy1BSzFaNO",
"538","b43bf348-0140-482a-a09d-2b2f4ee2ef95@abc.com","$2a$10$YMcpd3pPrSLCWYO91eCfTOk.AEd/Ff4WnpH9zErqPGUSaidbgT4ci",
"539","176de5d6-3285-42db-a216-d43a4bb779c7@abc.com","$2a$10$87u2UIF.O7mJZJaAxbnXzu1au.HmiHLoe9VK955HrB7UBXvrBmo3G",
"540","5242e669-d965-4a31-8178-28650c13d1e5@abc.com","$2a$10$rq5AnghiuCbJAIZPnoH7Nu8AYUrr2NVb32fAiLceu/0gfh1hh4Iku",
"541","85874ce6-bebe-4b4b-a6f4-9886fc69a6b8@abc.com","$2a$10$83I6aH6r6jOvTN.QCftsbuSFdA.qyyHg5lkG.i.DZcVytcwjtYzEa",
"542","10a61cdc-93b4-45bc-9914-c3dde29735c3@abc.com","$2a$10$cMNOfncLprOZWFzgU7Fnd.QRRHQWS3NOqKzDvwimFI3pyCEczqXee",
"543","2a4a7932-3223-4ff2-9ff9-1adf58c97622@abc.com","$2a$10$vqFBR2iZ0cJ/1jPk0V1DvOvgb5mFBv8aJVtYY4hp4H7v.CvdT1SjG",
"544","21fc261b-a1bf-4d19-9ff8-825d1845e7e8@abc.com","$2a$10$P14lOkhZzwc/rX/mPTasluSOVTpvIrVUj4X8ZsNVyO.6zvHuTMsJS",
"545","e2081fb4-f14f-49e3-a19e-fe3e34734283@abc.com","$2a$10$5NM6M0XTg26cKg2MNuxIPekFdvspbm/onXUqsgQRvcRe2BIOH.GDi",
"546","620103a0-db48-4fa3-9630-ad50b8834533@abc.com","$2a$10$BUa.anofCgD6MdyPV1SkHeXZ7gNNVUj6GCtIhhapiqsUtzm.HbXJO",
"547","4d99faf7-6a8c-43f4-be2c-528435383848@abc.com","$2a$10$OYaYE7SikHjKSLHjlcNIsuIo2OQkFIFaTbUawIdRhA2WmXfZCaeme",
"548","75969a99-f902-4008-941a-165e07c46f67@abc.com","$2a$10$STwnw3whHrk8NCDXFKjJEOMXq.Ia4gDEdCCP1dLkrsKim7HPocAqm",
"549","81da5f82-c101-4b2b-936a-f838be346f1c@abc.com","$2a$10$0Dk8REX5c/.TX4kPnQpBLOQbz.24bNI25f4De1DusDK/W6nKJlkna",
"550","45b3405a-93ef-43b4-a390-6e412061517f@abc.com","$2a$10$C4La1bsdMzpLjAHFARFUReH8ldGWehbjdVw2ZXwnCZHSd90AGK7q6",
"551","4df4c216-6591-4f01-baa8-134b32524667@abc.com","$2a$10$XJLLD0DBP4yYvEzIizJ4kOtwZ5kJpRYUtJ2squaQii/0NDoY87OJS",
"552","e20b8309-6136-44d5-9d2c-e260d6c01701@abc.com","$2a$10$EKmkGfGuLwt.xoHq1gVFfe1RLvLqwUplY71nZE7fY45T/CZvpue9i",
"553","44697833-2851-4619-897a-cb17eb33df1d@abc.com","$2a$10$V7N0/TPeq1DO1y9KrV/kZevV70L64/t9RMwkIhUtnkdFf0wh2fLF2",
"554","2fec9437-682c-4bd3-b474-3f958aec4887@abc.com","$2a$10$tB9AgKeqtSSzIdLED7lwc.2dv3X2k.XsqKko9N1YmxKeFXHhsGJRi",
"555","b0577cb2-03f4-407f-a852-0f560999a534@abc.com","$2a$10$hOqvs15XSFUq/VDB7vzN1OyZYkNSlxdQJUJjrY6RdnQxFQ.vVBonu",
"556","f98e1b58-0867-4ac5-bdfe-a20b11804980@abc.com","$2a$10$Ut0GGC3k8rdPykia0lR2gu4uuDuIUZdQr3MV9clnYeE5R4rMWM7Zq",
"557","9de425a3-9213-403a-8112-dad794aaf9f9@abc.com","$2a$10$sTg20ojnX8xlv0pYfxSoLOtqlE1kurYPYf7y4B7pfExene42hFPt6",
"558","4b3758b9-28a0-46d5-8dc3-a993b1589967@abc.com","$2a$10$c.vx60Tfl4TgaLuu/t1.J.mB5KQvjJhR8qASTL/.VVSAZVp5vkbM2",
"559","e3fd8e17-1c7b-45a6-82bc-6a4eaceb78ee@abc.com","$2a$10$K7.nTbv7c5i0wPErG03uaO8ne.JOA9MRLlaLlGZzzsyvnQEPjHoZm",
"560","53a08801-5ac8-42cc-a7ac-b25a5a41b775@abc.com","$2a$10$KjW2wpB.CRqAdHaJ81nzsuXtlc3LBkn3ox4.trlvkiap35cMFDrma",
"561","a590cc73-d2a0-42ff-89e4-178f1f3e90e7@abc.com","$2a$10$YvbVgq3GnOXkW7G1i4sygunQ/keBMhUuTYWeE3/Uw1wgeAtLsF3qG",
"562","c7bf055a-6e5a-4cab-8a73-9646c6166f47@abc.com","$2a$10$dPFgjXwsxItXaOpea970nOvZYOfC/WwW6HtRGCJCIbwzYGPDV4Dm6",
"563","10ec319f-04e9-40d9-8db2-fbf15fcf0a7d@abc.com","$2a$10$EvnOnN7cxZkS9twKKCpdherG6RGzVR4ju2OE4ZhreS7C.UbqMqC5K",
"564","b0be2ab4-2b36-4725-b203-3a5d050d25ad@abc.com","$2a$10$tWdUXO4NKd6rD8fEuuIj7u0kin2QL822TwL1Y40IHiSdC8iHzALSq",
"565","fd878598-f867-4bdb-9c4b-bede559f9283@abc.com","$2a$10$E6hRJ5n1z2RrCkAbYTO8NurDbCmh9ETcIl6vKnIKjuSLAcUwH7XXC",
"566","0d36926e-310f-45ca-8dc4-f540f3366de1@abc.com","$2a$10$b/eu36xFKnW3g1r8shOIROugfM3rV2rIrH60I/HwBPytRUNDhqobS",
"567","4f97052f-c81e-4fe4-8b7b-29778e94885b@abc.com","$2a$10$toaAsgDyz8wB/Lt.VMlgruGA4lq0I1WA/Y/Jp/Itb9Kjo0VEvigV2",
"568","e955ab0e-c516-4888-b38a-3521e956752e@abc.com","$2a$10$vey0M5CXynpAOCJsphmxoOuDcp0en3jokvCoejHPdWY47WDumk4LC",
"569","628a15ab-04a8-4ee0-8840-7179ecb0f1a2@abc.com","$2a$10$ejRYPNeu.7lJnvDdGUtAl.UPsVJiZgq5NSXdH.rKkcdlnYH7uewQy",
"570","5b6eab0e-eb38-48c3-b036-278a019e0aa7@abc.com","$2a$10$mQAzweLcoQt1MIdoCWhSaekxLHS08/MRMfk3Zm2U6sR/3knHGgT1y",
"571","51ed53dc-e1d1-49e5-bc1d-cca24e9a8f59@abc.com","$2a$10$iHdGi0g1kwvWxcaBFiFSGuGREOLsqh.c1job7qy3uqk7qFSeZFEwi",
"572","17d727ac-cfac-46ad-ad7d-89d484c8bb84@abc.com","$2a$10$dKualWXd2E1cAeKUYFY4R.ydCVEwpaLPisqAx/NXa95UXX7YbPWgW",
"573","8d720e18-f5a5-4421-aad6-ba9923382f2a@abc.com","$2a$10$s0O1H64Tp5t0v.7x8SXydOXZ4EEaOvQQQcT5Z1jc2jCyb0g4XS/VW",
"574","998c9b70-907d-44e9-9562-5b2b3b329399@abc.com","$2a$10$PaZ3lg8hKL95o2NBRrDg0.kgQQ4wf2Bh.ZYBgPnFK9TXLEF3yki6i",
"575","2306c5ae-6c5b-4a79-af4a-2c732fe619c0@abc.com","$2a$10$RTkJirsoLOW6Hf/o9SErNezV.IWGkr6GsCQaEeEn8fF7r8qhEmHV6",
"576","0d3f9a62-6e8e-4b0e-a59f-8538afac1fb1@abc.com","$2a$10$fa9Q8rm2HunGxYpcVxIDF.su14mld2ixf3nPc2r.XU1up6JEnLdXa",
"577","f1a056c8-b8fb-470a-bdfa-17e00bdbcdea@abc.com","$2a$10$5MaU/hkNxODlvEMIMWds4eV0RcZ5gMxCMuKNTgKconCIMvcpWgD4C",
"578","c90b476b-8c55-4d66-92c7-d5ce78b36284@abc.com","$2a$10$o1pBeUyazHpUNSdFsaFLUuFEoXOYhvWvGkQp86yRsBKEMTBt/FHX.",
"579","aa46bac1-4d84-42ef-ad65-baf4c2464cd9@abc.com","$2a$10$SzWnCpA7ly2pDf393tepV.RFM2q4KAAgbi0SMIfyySwFHoXX44mB.",
"580","08139bfc-6c4a-4699-8ec9-34c77bf2e7a2@abc.com","$2a$10$pD.PDNU4tlMaHRjEYMkeU.CEVLQNFLiM6yTAP4jKsky61xpcuHad.",
"581","df7b2f1c-0d8c-4d68-a231-09340a1548e9@abc.com","$2a$10$vjLxCXWaDBR2i0fbAfAkAOr4OShkWRYnjO8Lz7dA9031ofYt5Znwq",
"582","19b67e6f-df9f-4df5-b9d6-840632763f70@abc.com","$2a$10$c5zweTsdOiMtvXG2DwtW9eUS013y7vbVK.Vb4ds703sFGUXOWmBdy",
"583","cc48239e-2f68-4264-932e-3db40b803e13@abc.com","$2a$10$sOY6Ud0Ue1RYmdJWqLBLWOEOkAvP3Jiu9NQEZ.dcZQjFSeYdowUvW",
"584","b3eddb2f-a2aa-4360-8cff-d5ef8a284f04@abc.com","$2a$10$9jH32W1vcovY5pNtODfZDOMO3RydmcMFsLYw4mI1LnokPXmZKFK2C",
"585","b632e151-5edb-41fe-807f-e7e04c653d8f@abc.com","$2a$10$VGnw8fqQe2zXaWGFPYOYAuxi3fUSLYtn.SQd9OH0iPaygjm1NRzrW",
"586","ab0e648c-0b2a-4ad5-b8bb-c0f9c2921d2c@abc.com","$2a$10$WEVXiTI.7BgnSayMbhQwb.232tIS1rhzRNCGKUNe/KFZ0XudOkgmu",
"587","c42688c4-09e2-4f7c-83b1-4134ba9d520e@abc.com","$2a$10$8QwArHlv2UvC4rG2B/5byOEKssQl/NmidquyF6PA3FyTEcs0GC/R2",
"588","f06c95a0-e81d-4e7b-bc6b-0d91a6ea99c7@abc.com","$2a$10$phexmEdxMOOr.heym45ocu..vTDLyvnl3rfovEX/0T0YGt.9Y9LtW",
"589","6aee5fce-ed27-40a6-88ff-1fdb40f43894@abc.com","$2a$10$tPoD3/d9pfjRzSQn8eeAa.lVa8TXIMpHbXu6ijPdJaiWE0wt9BXDG",
"590","10da67cf-097d-4b8e-be42-90c00f238e4e@abc.com","$2a$10$xGve9P3jrDh7E5yRepN7Cet8REraejJ5PW9BG5Z742lORYVTAASAC",
"591","ad47994c-0084-47a8-938d-893a1c7cbcb6@abc.com","$2a$10$ZsMwGEJjA5zD9ChzSYH4G..IWZHb/ewH3tO9IQ/S96AHJqQeVVnnK",
"592","f285cf4a-4387-41e1-ad47-e5e90a755655@abc.com","$2a$10$Xec/vthnssZyBaLVW3JjVutC4Y0nfLydXV0aSkBIzZVmyff54mYqK",
"593","ef095939-6c71-474c-ac9c-c3bad140dde3@abc.com","$2a$10$mUc.4smSOKT5y0D4.hwLQON1LkGKbY0bydZsS4Xo0IGJSEtYar.yC",
"594","d225f93c-5c37-4cd8-8bfe-6c8d2ffc9253@abc.com","$2a$10$G9nSxg5cKTnh2grh64TV5.nmDBq2zWbaHe/oukq69tc5iRWpDbDg2",
"595","b515bd6a-6b38-48c8-a932-6603d3f64805@abc.com","$2a$10$qsB/g1/00ZroJKBF7rwuV.tvhAgKmhtlHg4a/TcpVJaj4BsUVKlXG",
"596","d5c2e2a2-a36d-4b9c-b68a-5dbbc52a63db@abc.com","$2a$10$ZORaRTMEDjWFt7SWitsalOHtnBfWcJAHu1r6Dln2SddqapZo7F3ii",
"597","d2d62dbd-c7d0-4755-a483-0532ae87821b@abc.com","$2a$10$2Iuu7b52BIBnbtZRIbYwcu/elrrL9PTV7aOLSb5NrRWHs/yNsbH7G",
"598","6627d598-e48e-478b-a594-6fceaa93ed1b@abc.com","$2a$10$xJ46PYT5yNvcRDQp3iFx..xMSEMo58VZFXgLEYlC9EEYVOOUhdGZS",
"599","e5b20075-052b-441b-8f1a-dddc58c8061e@abc.com","$2a$10$gDkNM5Ca0yBzGDDug9FlHOTw8.J8BHoI9JdEZ4jiAfuYjrg8m9oFW",
"600","0f14739f-810d-4782-9133-eb1797004501@abc.com","$2a$10$ZnhdTzk5.PQ69DR05DUi.eHU.39x5snhqR/7IzGIL7e1D3AF.pqTK",
"601","cef03f07-56d7-4e7a-9429-138c1676a792@abc.com","$2a$10$t/4yEuaCPrl8uHf1ZuWoOuwXTsL0wPqXnMnuJ4VanqTd9/WwN/M/6",
"602","9057dd62-b333-41f3-af32-9a8e0c68369a@abc.com","$2a$10$OelnwVDidr6uDfeVpgcS4uogYgpJE2yVv92GRkBqzxGL2Truq09l.",
"603","a2de3208-e227-466b-b4a4-b6f0e8a0609a@abc.com","$2a$10$IM5BnAgNqJoYDQGYrm6zSutdR9ORWYFW5i4cobRiLRJfqATG7.K5G",
"604","33c33112-daee-4b2b-976f-475a123f1b5a@abc.com","$2a$10$KyqbfPt4.I67jwYVvsI1Gu1hVMxnTAuOtLk.9tZ11Yb1LuslrWPFG",
"605","0ea6902b-18c2-41bc-b698-42554fb1bc53@abc.com","$2a$10$nRWNQmhfCPKdifYxUj9aWuL5xTwGTOf8J/4L0n.j7SWCJehXEWh7.",
"606","20771995-7f63-4f62-a8b4-a86c691201ee@abc.com","$2a$10$2En9Mck0dgScJb/kxphDHOVY3IVzJ334T/PckAWlh.dsdesQT83JG",
"607","95a494da-3126-4f99-a47d-5276b32fb6bd@abc.com","$2a$10$nLsMgLOD.VZvOw5sjfS7vepzB4JL7yKMQA9GFvU9HF42B74OPUKX2",
"608","a6333ec1-8b43-45cd-b052-6cb6297580f3@abc.com","$2a$10$BcNhdR9ctiJvzfUEgs.mF.pm30DJsCi4G7gu8UrtsxlrYcT0cCNxS",
"609","7dc9bbf8-3e6a-4913-bf63-072eeb3418e5@abc.com","$2a$10$KbEfJ/18YYYeCyLWT6vT1O45NMf6KkxJvEcGe1E1QXZGPKCDQ4hB.",
